headline,label
"Daily Crypto Discussion - October 25, 2023 (GMT+0)",0
World Bank Tokenizes $100 Million Bond on Euroclearâ€™s New Blockchain Solution,1
What happened to the Ethereum triple halvening?,0
Could BlackRock manipulate the market and crash USDT to buy low?,-1
InvoiceMate Partners with DFINITY to Migrate to Internet Computer,0
Mod Team Update,0
Bitcoin ETF Excitement Questioned Following Fake News Report,0
EU Regulator Warns of â€˜Opaqueâ€™ Crypto Firms as It Seeks to Close MiCA Loopholes,0
"New collectible avatars are out, why?",0
"Roblox Debunks 'Inaccurate' XRP Support Claims, Says Crypto Payments Not Allowed - Decrypt",1
Bitcoin dominance hits highest point in over two years,1
SOL is a shitstorm waiting to eat your money,0
"Daily Crypto Discussion - October 23, 2023 (GMT+0)",0
Web3-Powered File Management App Raises $1.5M to Offer Alternative to Google,0
"This isn't the first time fake news in crypto has burned investors, Elon Musk also duped the crypto world and everyone quietly forgot about it.",-1
Pros and cons of using crypto as a payment option,0
"A letter to crypto media: Slow down, be thoughtful, and get the facts right",1
"Spot Bitcoin ETF Excitement Hits Main Street, Google Search Indicates",1
"Daily Crypto Discussion - October 24, 2023 (GMT+0)",0
"The secret life of Jimmy Zhong, who stole â€“ and lost â€“ more than $3b",-1
"Wow, the decline is truly massive in here.. normally posts would be up every 5/10mins or so.",1
"MOON hit $0.12 on gate today, still trading @0.07. There's one catch",0
Polygon vs. ARB/OP,0
Is Len Sassaman Satoshi Nakamoto???,0
Polygon Deploys New POL Token Contracts on Ethereum,0
"From facilitating AMAs to securing top banners in r/cryptocurrency, Moons have showcased their value to companies in the ecosystem. While their current trajectory seems uncertain, a significant opportunity awaits those key players looking to enhance their credibility",1
Circle to Let Merchants Pay for Customers' Gas Fees With Web3 Wallet Upgrade,0
"Tax implications of Reddit sunsetting Reddit Community Points (moons, bricks, etc.)?",0
"Binance Says It Has Onboarded New Euro Fiat Partners for Deposits, Withdrawals",0
True Data Ownership With BNB Greenfield dApps,1
Renault Korea Motors and ALTAVA Group Unleash XPERIENCE MOR3 Web3 Campaign,0
Institutional Crypto Custody - How does it ACTUALLY work? How are they ACTUALLY holding the keys? What's under the hood?,0
Is buying altcoins really worth it? Is BTC the only true crypto investment choice?,1
"Daily Crypto Discussion - October 21, 2023 (GMT+0)",0
Fidelity Submits Updated Spot Bitcoin ETF Application â€“ Bitcoin News,0
Why Monero matters: the key to privacy in digital currency,0
Drama,0
Unraveling the Online Legacy of Satoshi Nakamoto: Bitcoin's Mysterious Creator,0
What do you think will be the outcome of bitgrail lawsuite?,0
"iShares bitcoin ETF was NOT delisted. You can find it on this website by hitting ctrl+f and searching ""ishares bitcoin"".",0
Lido announces phased shutdown of Solana operations,0
The story of Cerberus Chain: The blockchain deleted by on-chain governance,0
Nym Technologies Attracts $300M in Crypto Fund Commitments for Privacy Infrastructure,1
BlackRock iShares Bitcoin ETF Makes Comeback On DTCC Website Amid SEC Intervention Buzz,0
"The ""Lightning-breaking-bug"" has been making it's rounds on twitter and from my observations, is nothing more than FUD. explanation >here<.",1
Blockchain embraces gold to provide stability and growth for crypto assets,1
Fantom Foundation Wallets Drained; $657K Stolen,-1
Do you get taxed on crypto capital gains if you brought the crypto from overseas?,1
"Daily Crypto Discussion - October 18, 2023 (GMT+0)",0
"US Chamber of Digital Commerce Backs Binance, Urges SEC to Drop Lawsuit",-1
Influencer Awareness,0
Can a Favebook Saved Playlist Be Turned Into An NFT?,1
Coinbase hoses down rumors of weekly withdrawal limits on Bitcoin,0
Cryptocurrency's popularity in the U.S. tied to conservative moral foundations,1
"Deel, a payment service provider, recently cut off all payments with prop firms. A bull case for crypto.",-1
Web3 Social Media Platform DSCVR Launches on Solana Blockchain,0
Where should I move my crypto currencies I have on binance to?,0
"Morgan Stanley believes crypto winter is over, Bitcoin halving will kick off new bull run",0
DTCC listing CUSIP 46438f101 is all You need to know today,0
"Ignore anything that says you are getting an airdrop for new moons. We haven't done anything yet and if we do, you'll see it in a stickied post later, not in your DMs.",-1
Safemoon is still lower from ATH than Moons are.,-1
What is the best exchange to use in Europe?,1
"Sugar Land man, 37-year-old Xiaofei Chen, pleads guilty to identity theft in $500,000 Bitstamp cryptocurrency fraud scheme",-1
"GPUtopia is a marketplace where you can very easily sell your GPU computing power to train AI models and be paid back in Bitcoin. Login on thier site with an Alby wallet (lightning network), click on ""load model"" and your good to go. ChatGPU is their decentralized GPT.",1
European Central Bank moves 'digital euro' to next phase â€“ DW â€“ 10/19/2023,0
Coinbase picks Ireland as its main EU regulatory hub as U.S. authorities go on the offensive,-1
"Tom Emmer is pro crypto, and could be the next speaker. Fun times.",1
FinCEN issues warning about virtual currency being used to finance terrorist organizations,-1
What are peoples thoughts on Nexo platform?,0
Kraken establishes global partnership with Formula 1 team Williams Racing,0
Convince me to get my coins off exchanges,1
Crypto Exchange Coinbase Chooses Ireland as EU MiCA Hub,0
"FBI Takes Down $15,000,000 Unlicensed Crypto-to-Fiat Transmitting Operation in New York State: Report - The Daily Hodl",0
"Tesla Keeps Bitcoin Stash Steady at 9,720 BTC in Q3",0
Vodafone DAB and Chainlink Labs Demonstrate the Transformation of Global Trade through Blockchain Innovation,1
What do you think is the biggest myth about Bitcoin that continues to be widespread among the general public?,0
BNB Chain launches Greenfield mainnet for decentralized data storage,0
BlackRock's bitcoin ETF disappears from DTCC list in latest update,-1
"Rollbit reports on a trade that occurred during yesterday's bitcoin fake pump that generated a 4401% ROI and a profit of 2.25 millions of Dollars, attributing it to Cointelegraph.",0
"New York attorney general hits Gemini, Genesis, and Digital Currency Group with lawsuit for defrauding investors of more than $1 billion",-1
BC Technology Denies Report of $128M Crypto Exchange Sale,-1
Crypto is decentralized but the apps which use them are not. What is the solution?,1
A reminder to never trust big tech with your money(and especially crypto),-1
"$44,354,000,000 Exits Bank of America, Morgan Stanley and BNY Mellon in Three Months As Deposit Flight Refuses to Relent",0
Do you prefer to trade stablecoin pairs or Bitcoin pairs?,0
Telegram trading bot Maestro developers refund users 610 ETH after router exploited for 280ETH worth of tokens.,-1
JOIN THE AMA With ALTAVA GROUP on the 24th of October (Tuesday) at 11:00 AM UTC,1
Cointelegraph responded about the Fake ETF Approval Tweet,0
[SERIOUS] We (the mod team) do not take fake news lightly and are discussing how to rectify the situation moving forward.,1
Help with Polkadot Parity Wallet,1
"Would you still use crypto if all of your transactions, CEX and Defi, had to settle with or through a CBDC?",0
Scroll Mainnet went live,0
"How Hackers Attacked Telegram Trading Bot to Steal $500,000",-1
Pro-crypto lawmaker Tom Emmer wins Republican nomination for House Speaker,1
A SWIFT Shakeup: Yuan Dethrones Euro as Runner-Up in Trade Finance Markets,1
"Deutsche Telekom enters partnership with MultiversX (EGLD) to advance Web3 adoption, joins validators board",0
German Regulator Warns Consumers About MEXC's Crypto Custody,0
Aptos resumes operation after 5-hour outage that 'impacted' transactions,0
XRP sent to newly created wallet while I was asleep. Canâ€™t figure out how they got to it.,1
Ripple Forges New Partnership with Uphold to Enhance Underlying Crypto Liquidity Infrastructure,0
MicroStrategy Bitcoin Bag Turns In Profit As BTC Price Recovers,1
Solana News: $122 Million in Solana Projected to be Sold as Part of the Dump has been Staked,-1
US Treasury plans to designate international crypto mixers as money-laundering hubs: WSJ,1
US OCC to host discussion on tokenization of real-world assets,0
Way to track number of CC concurrent users over time ?,0
Analyze Blockchain & DeFi Market Data with ChatGPT,0
A website to track large Optimism (OP) token transfers and wallets,1
"US citizens: Please Speak up against the IRS proposed rules to track all of your onchain activity, including all KYC on all DEXs/DeFi trades - 6 days until the comment period is over",1
DeFi Education Fund files amicus brief over financial privacy concerns in IRS case,0
Ethereum Founders: Gavin Wood,0
Ethereumâ€™s Eigen Layer vs the Cosmos Hubâ€™s Interchain Security,1
Where is the safest place to store crypto,1
Inside a $30 Million Cash-for-Bitcoin Laundering Ring In New York,0
Binance.US accounts â€˜not eligibleâ€™ for FDIC insurance protections,0
Mastercard Plans Web3 Collaborations With Self-Custody Wallet Firms,0
Bitcoin vs. Ethereum.,0
Monetary Milestones: From Ancient Barter to Blockchain Brilliance,1
Edward Snowden's Bitcoin ETF Warning - What You Need To Know,-1
It appears the DOT locked in crowdloans have unlocked,0
What are some of your favorite podcasts to follow for information/news on crypto?,1
I think my mate has been scammed big time and lost all his savings,-1
fake ETF news just wiped over $150 Million of positions in a few minutes,-1
DeSci-focused DAO community funds cancer research,-1
Elon Muskâ€™s Plan to Charge New X Users $1 May Not Deter Crypto Bots,0
BlackRock's Bitcoin ETF Drama stirs Crypto Markets,0
Tether Will Publish Reserve Data in Real Time in 2024: Report,0
A journey into zero-knowledge proofs,0
"Morgan Stanley: Crypto Winter May Be Over, Crypto Spring 'Likely on the Horizon'",0
"The Sandbox Hires Former PlayStation, Apple Executive Nicola Sebastiani As Chief Content Officer",0
FinCEN proposes regulations that would allow them to force businesses to report transaction details on almost anything they want.,1
IRS proposes unprecedented data-collection on crypto users,0
Medical Doctor Confesses to Paying Hitman $25K in Bitcoin to Kill His Girlfriend,-1
"Feeling rugged by Reddit? Why not give Nostr's Moderated Communities a try? We have value for value, but with Zaps.",1
"THE MONERO M00N (ISSUE 63) IS OUT NOW! Grab a coffee or a beer and kick back for a read. Like, share, subscribe, and spread the word about Monero as it continues to grow and offers unmatched financial privacy.",1
This Swiss Company Wants to Use Excess Energy From Food Production to Mine Bitcoin,1
"France Rumored To Be Adopting XRP For Digital Euro, How Will Price React? | Bitcoinist.com",0
Global Bitcoin ATM Numbers Sink to Lowest Level Since 2021,-1
Statement from Odysee/LBRY who are shutting down due to legal battle with the government,-1
Birdging back from Arbitrum Nova to mainnet,0
"Bitcoin is now worth over $34,500 â€“ but will it hold?",0
Grayscale submits new filing to SEC in attempt for spot bitcoin ETF approval following pivotal court ruling,1
ETCMC Node Is The Most Profitable Node To Run At Home,1
Abrdn & TCNâ€™s tokenization of multi-billion dollar money market funds and expansion to equities,0
StanChart muscles into Asian crypto space as established banking player,0
Margin Trading - Surprisingly Boring,0
"Daily Crypto Discussion - October 22, 2023 (GMT+0)",0
DeBank vs. Nimbus: A Comprehensive Comparison for Crypto Investors,1
Chainalysis says crypto usage for terror financing is 'tiny fraction' of overall volume,-1
"Crypto investing isn't just a fad, CFTC Commissioner Mersinger says amid latest ETF-fueled bitcoin rally",0
How to retire with crypto in 4 simple steps,0
Bitmain plans to unveil mining rigs for Aleo blockchain,0
Ethereum set for huge rally as whale activity hits 6-month high,1
"Crypto Wallet Maker Ledger Officially Rolls Out 'Recover,' Unleashing Fresh Round of Snark",1
Binance limits functionality in the UK,0
According to Fantom foundation admin some of the Fantom foundation wallets got drainedthe losses were in the hundreds of thousands of dollars.,-1
Kraken's new global ad campaign: Crypto Makes the World Go Forward,0
"Please stay calm, so you can think better about your decisions",1
Crypto.org Chain Becomes the Cronos POS Chain,0
The Market Cap Mirage - The Truth About The Hidden Market Caps: Unraveling Manipulation and The Fake Liquidity Games.,-1
Tether Aims To Publish Reserves Data in Real Time by Next Year,0
Rug pull feared as Safereum devs reportedly unlock and dump native token,-1
Blackrock ticker for (ibtc) suddenly vanished from the etf list this morning causing a drop,-1
The Underdog of Hbar,0
Robinhood Scammed me,0
BlackRock back in the news as prices break higher once againâ€Ž â€Ž â€Ž â€Ž â€Ž â€Ž â€Ž,0
"ðŸ‘‹ Sayonara, Binance Visa Debit Card! The Crypto Card Breakup of 2023..",0
JPMorgan expects spot bitcoin ETF approvals to come 'within months',0
Vitalik's Biggest Worries? Crypto Stagnating and AI Risks,-1
"Institutions Race for Bitcoin, Sending CME Open Interest to Record High",1
Uniswap takes the lead among decentralized exchanges in 2023,0
"The battle of the 200 week moving averages - featuring Bitcoin, Ethereum/Bitcoin, and the Total Market Cap. Oh and Moons.",-1
Why do you not make your own coin/token?,0
Chainalysis Refutes WSJ and Senator Warren's Claims: Crypto Funding to Hamas Overstated by 100x; Misinformation Pushed FinCEN to Propose Blanket Rule to Prohibit Privacy Apps on the Blockchain,-1
Erste bank Austria has decided to blacklist a kraken IBAN,0
"By playing games that are made by thndr games as well as using Wallet of Satoshi you can get free satoshis every hour without any ""play to earn"" gimmicks.",1
Don't get crypt-wrecked and don't forget/forgive what they did.,0
AI and Web3 - What's in Store for Us? ðŸŒðŸ’¡,0
Is this a scam?,-1
DAG Knight presentation by Yonatan Sompolinsky,0
"BlackRock Says Bitcoin Market Is Unregulated, Lacks Transparency In New ETF Filing",0
Why Does Lyn Alden Back Satoshi Nakamotoâ€™s Identity Secrecy?,0
SEC Likely to Approve Spot Bitcoin ETF in Next Few Months: JPMorgan,0
Bitcoin Returns Following Halving 2012-2020 PART 2,0
Cryptoverse: Winter is coming as ether funds flounder in fall,0
Crypto Startup Ryder Raises $1.2 Million to Build Wallets With No Seed Phrases - Decrypt,-1
"Reddit is ""sunsetting"" community points, we've been working on a fully P2P Reddit alternative that uses smart contracts for community names and usernames for 2 years.",1
Binance to Stop Accepting New U.K. Users to Comply With Ad Rules,0
Canâ€™t cash out USD on Coinbase,0
Securing cross-chain communication from Ethereum to the Internet Computer with an on-chain Light Client,1
"I bought $1k of the Top 10 Cryptos on January 1st, 2023 (SEP Update/Month 9/+12%)",1
Over $100 Million gone in 5 minutes. This is why you don't play with leverage,-1
"What people expect to happen, the opposite happens. Let's do a real life case study with DOT in just 7 days.",0
Blockchain improves charity transparency â€” But is it right for everyone?,1
Hodling hard: Bitcoinâ€™s long-term investors own over 76% of all BTC for the first time,0
Multiversx (EGLD) enters partnership with Google Cloud,0
advantages and disadvantages of BTC ETF,0
Crypto Bounty Hunting - Romance Scammers,1
"I made a video ranting about the Moons and Reddit's horrible lack of care about their communty, would love to hear your thoughts",1
What to do with scammerâ€˜s wallet address?,0
Can someone ELI5 why the majority of all coins pump and dump in unison?,-1
Chinese software developer Meitu set to sell BTC and ETH holdings,0
Help withdrawing USD from Binance.US,1
The environmental cost of crypto mining: Bitter truth about digital wealth,1
Stopped a scam. Positive anecdote from talking about crypto to friends / family.,1
Everscale token price drops 20% as team says large number of EVER tokens were stolen,-1
TrueUSD customer data exposed in third-party security breach,1
Why nobody talks about the scam of Internxt (INXT)?,-1
"Acurast Announces the Launch of Tezos Native Integration, Expanding Beyond Ghost-Net",0
"California bill aims to cap crypto ATM withdrawals at $1,000 per day to combat scams and Drastic Fee Reductions",-1
Oasis Announces Privacy4Web3 Hackathon Winners,1
BlockFi emerges from bankruptcy and opens wallet withdrawals,0
"If SBI Bank Is Using XRP For International Remittances, Then Why Isn't The Price Going Up?",0
Why I no longer believe in Collectible Avatars,-1
What are these? NFT spam? Security threat?,-1
"Bitcoin ETF to trigger massive demand from institutions, EY says",0
South Korean regulators allege Sui Foundation manipulated markets,-1
How crypto.com prevented a person from being scammed further by disallowing them from transferring funds to a suspicious account,-1
"Ethereum (ETH) Surges Past â€˜Milestone Momentâ€™ for Crypto Adoption, According to Analytics Firm IntoTheBlock - The Daily Hodl",0
"Whatâ€™s Holding Crypto Back? Itâ€™s the Founders, Not Just Regulators",0
"Ethereum ICO Participant Wakes Up After 8 Years, Moves $3 Million In ETH",0
"Mass Adoption is a Slow, But Steady Process. Webhost Company Accepts BTC with 30min Price Quotes. Your Thoughts?",1
"Daily Crypto Discussion - October 17, 2023 (GMT+0)",0
"Amid Rising Bitcoin ETF Hopes, Critics Warn of Vulnerability and Echoes of Precious Metal Manipulation â€“ Bitcoin News",1
"Stellar, Early Blockchain Built for Payments, Adds Smart Contracts to Take on Ethereum",1
Cosmos Developer Releases New Proposal To Cut ATOM Inflation in Half to 10%,-1
"Multiversx (EGLD) xDay 2023 Highlights: Announcements, Ecosystem Expansion And Hackathon",0
Nervos Networkâ€™s first halving takes place in one month!,0
Hal Finney Was Not Satoshi Nakamoto - A compilation of evidence that Hal Finney and Satoshi Nakamoto were different people.,0
Bitcoin prices have doubled this year and potentially new ways to invest may drive prices higher,0
[SERIOUS] Crypto Bots and Usability Questions,0
Blackrock CEO Fink weighs in on Bitcoin ETF rumor,0
Question about Coins vs Token on a Layer 1 Cryptocurrency,0
"Coinbase launches perpetual futures outside of the u.s, thoughts?",0
"Biggest Movers: XRP Extends Recent Gains, Rising to 8-Week High",1
Patricia exchange CEO announces debt restructuring via convertible notes,-1
MicroStrategy's Bitcoin stash is back in profit with BTC price above $30K,1
"Bullish, sure, but it stinks of corruption. BlackRock's spot ETF is already listed on the DTCC(Nasdaq clearing firm) and only one listed. But we already knew that since the SEC always approves BlackRock's ETF's, but has denied everyone else's spot ETF so far.",-1
BlackRock's spot bitcoin ETF appears on DTCC website with ticker IBTC,0
"What Cointelegraph did by posting a fake-news tweet is a form of market manipulation called ""False Market"".",-1
They Cracked the Code to a Locked USB Drive Worth $235 Million in Bitcoin. Then It Got Weird,0
The Banner got a ton of attention in the last few days and is now fully booked through the end of November.,0
"No, Bitcoin Wealth Is Not Ultra-Concentrated. Don't listen to Bitcoin naysayers, check it out for yourself.",1
Ethereum Founders: Jeffrey Wilcke,0
Would you like to play a coop ghost hunting game that rewards you in crypto?,1
Best hardware wallet these days?,1
Top 10 Countries with the Highest Number of Crypto Users,1
Mass adoption will never happen with all principles intact,1
Chainlink Whale Transactions at Three-Month High as Link Explodes: Santiment - The Daily Hodl,0
Binance Visa Crad ending in Europe?,0
What happened to Kraken's semi-annual audits? We haven't seen one for >15 month!,0
Bitfinex Securities announces tokenized bond,1
Best Crypto Platform for those in the US?,1
Platypus Recovers 90% of Stolen Funds from Recent Exploit,-1
lost access to DApp tokens,-1
Bitcoin closes in on Buffet's Berkshire Hathaway as 'rat posion' overtakes Tesla by market cap,0
"Gemini, Genesis, DCG Sued by New York Attorney General for Allegedly Defrauding Investors",0
Uniswap to charge 0.15% to swap certain tokens on web interface and wallet,1
'I won't make any money with traditional investing': Millennials turn to alternative investments amid economic woes,-1
Binance.US Halts Direct Dollar Withdrawals,0
"Daily Crypto Discussion - October 20, 2023 (GMT+0)",0
Put on short and wait strategy?,0
"Bitcoin Core Dev exposes Lightning Network flaw, departs project - ""All your mempool are belong to us""",0
I got my ETH drained from Metamask,-1
"There were signs that foreshadowed The RCP's massacre. Like many, I ignored them. Now trying to figure out Reddit's next move",0
[SERIOUS] Sunsetting Community Points Beta and Special Memberships,1
Crypto has its own kind of lottery - the Bitcoin Puzzle - and solving the easiest remaining problem will win you 6.6 BTC.,1
FUD about ETH!,-1
HayCoin Surges as Uniswap Creator Burns 99.99% of Test Coins,0
"SEC's Bitcoin ETF Decision Today - VanEck, WisdomTree and Fidelity on the table",0
"May I remind y'all BAT and the Brave Browser still exists that still rewards you, allow you tip reddit posts, twitter posts, and youtube videos?",1
Seed phrase /24 words and spelling question.,0
[serious]crosspost: Summary of Reddit's abandonment of RCPs and moving forward with /r/Cryptocurrency's moon tokens.,-1
How Top Companies Reshape the Energy Landscape With Blockchain Technology,1
Bitcoin can finally be used for it's intended purpose,0
"Now that the initial shock has passed, it's time to figure out where to go from here.",-1
Krakenâ€™s Powell: Reddit Should Offer â€˜Redemption Pathâ€™ for Community Points - Decrypt,0
Exploring a New Non-Custodial Wallet: Password-Based Security and Convenient Features,1
Crypto Shareholder Requirements Set Out by EU Banking Regulators,0
Singapore court authorizes freeze order attached to wallets as soulbound NFT,0
Loopring still building and improving in the Bear,1
How many people take loans to invest them in Crypto?,0
Strange sells happening on the moon chart now,-1
[SERIOUS]There's a scam email going around from people pretending to be OpenSea staff telling you that you have $SEA tokens waiting for you. Mark it as spam,-1
Love letter to Community Points,1
"Which coins do you know that launched in 2021 and are still around today, actively building and releasing products?",1
Apple's Co-Founder Says Bitcoin Is Better Than Gold 6 Years ago and It's Still True,1
"Did everyone just get this Kraken IRS email, or only those whom it affects?",0
"The IRS new rule would essentially kill crypto inside the US, but we still have time to change it",-1
SEC chairman Gensler confirms ongoing review of Bitcoin ETFs,0
Are we back? Crowdsourcing the crypto sentiment - vote now!,0
Tom Emmer leading candidate (Pro Crypto) for House Speaker Nominee,0
Ex-Consensys staff sue founder Joseph Lubin over employee equity deal,0
[Post Mortem] - The 84K MOON Hack,0
Pennsylvania Scraps Crypto Mining Moratorium and Revives Mining Study,1
Syntropy's Data Layer Whitepaper,0
Binance Resumes Euro Transfers Through New Fiat Partners,0
"Cash is King for Terror Financing, Crypto Plays Negligible Role",-1
[SERIOUS] Do people genuinely believe that the value of crypto will skyrocket and they'll be rich?,1
Maison Margiela Invites Its Fans To Play Blockchain Bingo - Decrypt,1
The Great Wall in Web3 (Research),1
TIL. Hotbit shut down CEX operations after 5 years,0
Binance.US halts dollar withdrawals amid ongoing regulatory scrutiny - Investomania,0
Stacks STX is a project that should be on your radar,0
North America cryptocurrency activity analyzed,0
Bitcoin Dominance Soars to Bear Market High of 51%,1
"Happy 3,000,000 block anniversary - Monero",1
The Impact of Decentralized Finance on Our Daily Existence,0
CNR Token: Latest Updates from Canaryâ€™s Multichain DEX,0
Medal of Rekt R/CC edition,1
"Daily Crypto Discussion - October 19, 2023 (GMT+0)",0
"Reddit to Discontinue Community Points Citing Scalability and Regulatory Issues, Sparking Community Backlash",0
"US Treasury Division (Janet Yellen) has imposed sanctions on 9 people of the Palestinian Islamist group Hamas and a Gaza-based cryptocurrency trade in an effort to stem the income circulate to the group. ""What we're doing is we're cutting them off from access to their money""",0
Can someone please explain what happend to moons.,1
Why the U.S. Government Has $5 Billion in Bitcoin,0
Greenpeace's Bitcoin Lie Destroyed In 'Brutal Post',-1
what was your first experience with longing/shorting like?,1
Ripple Is on a Winning Streak (but the Game Isn't Yet Won),1
Web3 game project allegedly hired actors to pose as executives in $1.6M exit scam,-1
Chainlink v0.2 upgrades,0
Roblox integrates XRP as payment method,0
"In 2023, Binance Bitcoin reserves doubles, while stablecoins like BUSD and USDC reserves plummet drastically.",1
Canadian Scammer Steals 4.5M+ from 17+ SIM Swaps,-1
John Deaton Optimistic That XRP Will Break Ties With Ripple Soon - Coin Edition,1
Could someone help me check if I made an error or got scammed?,0
The Inverse Jim Cramer indicator yet again prints free money.,1
Crypto Losses and Taxes: 5 Things to Know (from a Tax Attorney & CPA) - United States,0
"Spot Bitcoin ETF Approvals Could Add $1 Trillion to Crypto Market Cap, CryptoQuant Says",0
Will You Cash Out During the Next Bull Run?,0
"Crypto noob in UK just trying to get my money out, please help",1
Crypto market sentiment at highest point since BTCâ€™s $69K all-time high,0
FBI Charges 6 for Allegedly Running $30M Money Transmitting Business Using Crypto,-1
NFT giants are protesting Blur and OpenSea over royalty rates,-1
Crypto funding: A focus on decentralized orderbook exchanges in $66M week [NO MOONS],0
